ID,Linguaggi di Programmazione,Framework,Database,Tools,Cloud
1,"HTML,CSS,JavaScript","React,Angular,Vue.js","MySQL,Oracle","npm,Webpack,Visual Studio","Heroku"
2,"Python,JavaScript","Django,Flask,NumPy","MongoDB,MySQL","Pip,Homebrew,Composer","AWS"
3,"TypeScript,JavaScript,CSS","React,Angular,Vue.js","PostgreSQL,MySQL","Yarn,Webpack,CMake","Google Cloud"
4,"Bash,Python","NumPy,PyTorch,Scikit-Learn","MongoDB,Redis","Docker,Pacman,Homebrew","Docker"
5,"Java,C++,HTML,CSS,JavaScript","Spring,JavaEE,React,Angular,Vue.js","MySQL,Oracle,Microsoft SQL Server","Maven,Gradle,Kubernetes","Azure"
6,"C#,JavaScript",".NET,React,Angular,Vue.js","Microsoft SQL Server,MySQL","Visual Studio,MSBuild,Chocolatey","Azure"
7,"C++,C,Java","Spring,JavaEE","Oracle,MySQL","GCC,CMake,Cargo","Heroku"
8,"C,C++,JavaScript","React,Angular,Vue.js","MySQL,Oracle","GCC,CMake,Ansible","Cloudflare"
9,"Go,JavaScript","React,Vue.js","Redis,MariaDB","Go Modules,Docker,Chocolatey","AWS"
10,"PowerShell,Python","NumPy,PyTorch,Scikit-Learn","MongoDB,MySQL","Powershell,Pacman,Chocolatey","AWS"
11,"Rust,JavaScript","React,Vue.js","Elasticsearch,Redis","Cargo,LLVM's Clang,CMake","Google Cloud"
12,"Kotlin,Java,JavaScript","Spring,JavaEE,React,Angular,Vue.js","PostgreSQL,MySQL","Gradle,Maven,Kotlin","Heroku"
13,"Ruby,JavaScript","Ruby on Rails,React,Angular,Vue.js","MongoDB,MySQL","RubyGems,Bundler,Homebrew","Heroku"
14,"Lua,JavaScript","React,Angular,Vue.js","MySQL,Oracle","LuaRocks,CMake,Pacman","Google Cloud"
15,"Dart,JavaScript","Flutter,React,Angular,Vue.js","MySQL,PostgreSQL","Flutter,Visual Studio,Chocolatey","Firebase"
16,"Swift,JavaScript","React Native,Flutter,React,Angular,Vue.js","Oracle,MySQL","Swift Package Manager,Xcode,CocoaPods","AWS"
17,"CSS,JavaScript","React,Angular,Vue.js","MySQL,PostgreSQL","npm,Webpack,Visual Studio","Netlify"
18,"HTML,JavaScript","React,Angular,Vue.js","MySQL,Oracle","npm,Webpack,Visual Studio","Vercel"
19,"PHP,JavaScript","Laravel,WordPress,React,Angular,Vue.js","MySQL,PostgreSQL","Composer,PHP,Homebrew","Heroku"
20,"JavaScript,CSS","React,Angular,Vue.js","MySQL,Redis","npm,Webpack,Visual Studio","Vercel"
21,"Python,HTML,CSS","Django,Flask,NumPy","MongoDB,MySQL","Pip,Homebrew,Composer","AWS"
22,"TypeScript,JavaScript,CSS","React,Angular,Vue.js","PostgreSQL,MySQL","Yarn,Webpack,CMake","Netlify"
23,"Bash,Python,JavaScript","NumPy,PyTorch,Scikit-Learn","MongoDB,Redis","Docker,Pacman,Homebrew","AWS"
24,"Java,C++,HTML,CSS,JavaScript","Spring,JavaEE,React,Angular,Vue.js","MySQL,Oracle,Microsoft SQL Server","Maven,Gradle,Kubernetes","Azure"
25,"C#,JavaScript,HTML,CSS",".NET,React,Angular,Vue.js","Microsoft SQL Server,MySQL","Visual Studio,MSBuild,Chocolatey","Azure"
26,"C++,C,Java,JavaScript","Spring,JavaEE,React,Angular,Vue.js","Oracle,MySQL","GCC,CMake,Cargo","AWS"
27,"C,C++,JavaScript,HTML,CSS","React,Angular,Vue.js","MySQL,Oracle","GCC,CMake,Ansible","Azure"
28,"Go,JavaScript,HTML,CSS","React,Vue.js","Redis,MariaDB","Go Modules,Docker,Chocolatey","Google Cloud"
29,"PowerShell,Python,JavaScript","NumPy,PyTorch,Scikit-Learn","MongoDB,MySQL","Powershell,Pacman,Chocolatey","AWS"
30,"Rust,JavaScript,HTML,CSS","React,Vue.js","Elasticsearch,Redis","Cargo,LLVM's Clang,CMake","Heroku"
31,"Kotlin,Java,JavaScript,CSS","Spring,JavaEE,React,Angular,Vue.js","PostgreSQL,MySQL","Gradle,Maven,Kotlin","AWS"
32,"Ruby,JavaScript,HTML,CSS","Ruby on Rails,React,Angular,Vue.js","MongoDB,MySQL","RubyGems,Bundler,Homebrew","Heroku"
33,"Lua,JavaScript,HTML,CSS","React,Angular,Vue.js","MySQL,Oracle","LuaRocks,CMake,Pacman","AWS"
34,"Dart,JavaScript,HTML,CSS","Flutter,React,Angular,Vue.js","MySQL,PostgreSQL","Flutter,Visual Studio,Chocolatey","Firebase"
35,"Swift,JavaScript,HTML,CSS","React Native,Flutter,React,Angular,Vue.js","MySQL,Oracle","Swift Package Manager,Xcode,CocoaPods","AWS"
36,"CSS,JavaScript,HTML","React,Angular,Vue.js","MySQL,PostgreSQL","npm,Webpack,Visual Studio","Vercel"
37,"HTML,CSS,JavaScript","React,Angular,Vue.js","MySQL,Redis","npm,Webpack,Visual Studio","Netlify"
38,"Python,JavaScript,CSS","Django,Flask,NumPy","MongoDB,MySQL","Pip,Homebrew,Composer","AWS"
39,"TypeScript,JavaScript","React,Angular,Vue.js","PostgreSQL,MySQL","Yarn,Webpack,CMake","AWS"
40,"Bash,Python,JavaScript,CSS","NumPy,PyTorch,Scikit-Learn","MongoDB,Redis","Docker,Pacman,Homebrew","AWS"
41,"Java,C++,HTML,CSS,JavaScript","Spring,JavaEE,React,Angular,Vue.js","MySQL,Oracle,Microsoft SQL Server","Maven,Gradle,Kubernetes","Azure"
42,"C#,JavaScript,CSS",".NET,React,Angular,Vue.js","MySQL,Oracle","Visual Studio,MSBuild,Chocolatey","AWS"
43,"C++,C,Java,JavaScript","Spring,JavaEE,React,Angular,Vue.js","Oracle,MySQL","GCC,CMake,Cargo","Google Cloud"
44,"C,C++,JavaScript,HTML,CSS","React,Angular,Vue.js","MySQL,Oracle","GCC,CMake,Ansible","AWS"
45,"Go,JavaScript,CSS","React,Vue.js","MariaDB,Redis","Go Modules,Docker,Chocolatey","Heroku"
46,"PowerShell,Python,JavaScript,HTML","NumPy,PyTorch,Scikit-Learn","MongoDB,MySQL","Powershell,Pacman,Chocolatey","AWS"
47,"Rust,JavaScript,HTML,CSS","React,Vue.js","Elasticsearch,Redis","Cargo,LLVM's Clang,CMake","Google Cloud"
48,"Kotlin,Java,JavaScript,CSS","Spring,JavaEE,React,Angular,Vue.js","PostgreSQL,MySQL","Gradle,Maven,Kotlin","AWS"
49,"Ruby,JavaScript,HTML,CSS","Ruby on Rails,React,Angular,Vue.js","MongoDB,MySQL","RubyGems,Bundler,Homebrew","Heroku"
50,"Lua,JavaScript,HTML,CSS","React,Angular,Vue.js","MySQL,Oracle","LuaRocks,CMake,Pacman","AWS"
51,"Dart,JavaScript,HTML,CSS","Flutter,React,Angular,Vue.js","MySQL,PostgreSQL","Flutter,Visual Studio,Chocolatey","Firebase"
52,"Swift,JavaScript,HTML,CSS","React Native,Flutter,React,Angular,Vue.js","MySQL,Oracle","Swift Package Manager,Xcode,CocoaPods","AWS"
53,"CSS,JavaScript,HTML","React,Angular,Vue.js","MySQL,PostgreSQL","npm,Webpack,Visual Studio","Netlify"
54,"HTML,CSS,JavaScript","React,Angular,Vue.js","MySQL,Redis","npm,Webpack,Visual Studio","Netlify"
55,"Python,JavaScript,CSS","Django,Flask,NumPy","MongoDB,MySQL","Pip,Homebrew,Composer","Heroku"
56,"TypeScript,JavaScript,CSS","React,Angular,Vue.js","PostgreSQL,MySQL","Yarn,Webpack,CMake","AWS"
57,"Bash,Python,JavaScript","NumPy,PyTorch,Scikit-Learn","MongoDB,Redis","Docker,Pacman,Homebrew","Google Cloud"
58,"Java,C++,HTML,CSS,JavaScript","Spring,JavaEE,React,Angular,Vue.js","MySQL,Oracle,Microsoft SQL Server","Maven,Gradle,Kubernetes","Azure"
59,"C#,JavaScript,CSS",".NET,React,Angular,Vue.js","MySQL,Oracle","Visual Studio,MSBuild,Chocolatey","AWS"
60,"C++,C,Java,JavaScript","Spring,JavaEE,React,Angular,Vue.js","Oracle,MySQL","GCC,CMake,Cargo","Heroku"
61,"C,C++,JavaScript,HTML,CSS","React,Angular,Vue.js","MySQL,Oracle","GCC,CMake,Ansible","Cloudflare"
62,"Go,JavaScript,HTML,CSS","React,Vue.js","MariaDB,Redis","Go Modules,Docker,Chocolatey","AWS"
63,"PowerShell,Python,JavaScript","NumPy,PyTorch,Scikit-Learn","MongoDB,MySQL","Powershell,Pacman,Chocolatey","AWS"
64,"Rust,JavaScript,HTML,CSS","React,Vue.js","Elasticsearch,Redis","Cargo,LLVM's Clang,CMake","Heroku"
65,"Kotlin,Java,JavaScript,CSS","Spring,JavaEE,React,Angular,Vue.js","PostgreSQL,MySQL","Gradle,Maven,Kotlin","AWS"
66,"Ruby,JavaScript,HTML,CSS","Ruby on Rails,React,Angular,Vue.js","MongoDB,MySQL","RubyGems,Bundler,Homebrew","Heroku"
67,"Lua,JavaScript,HTML,CSS","React,Angular,Vue.js","MySQL,Oracle","LuaRocks,CMake,Pacman","AWS"
68,"Dart,JavaScript,HTML,CSS","Flutter,React,Angular,Vue.js","MySQL,PostgreSQL","Flutter,Visual Studio,Chocolatey","Firebase"
69,"Swift,JavaScript,HTML,CSS","React Native,Flutter,React,Angular,Vue.js","MySQL,Redis","Swift Package Manager,Xcode,CocoaPods","AWS"
70,"CSS,JavaScript,HTML","React,Angular,Vue.js","MySQL,PostgreSQL","npm,Webpack,Visual Studio","Vercel"
71,"Python,JavaScript,CSS","Django,Flask,NumPy","MongoDB,MySQL","Pip,Homebrew,Composer","AWS"
72,"TypeScript,JavaScript","React,Angular,Vue.js","PostgreSQL,MySQL","Yarn,Webpack,CMake","Netlify"
73,"Bash,Python,JavaScript,CSS","NumPy,PyTorch,Scikit-Learn","MongoDB,Redis","Docker,Pacman,Homebrew","AWS"
74,"Java,C++,HTML,CSS,JavaScript","Spring,JavaEE,React,Angular,Vue.js","MySQL,Oracle,Microsoft SQL Server","Maven,Gradle,Kubernetes","Azure"
75,"C#,JavaScript,HTML,CSS",".NET,React,Angular,Vue.js","Microsoft SQL Server,MySQL","Visual Studio,MSBuild,Chocolatey","Azure"
76,"C++,C,Java,JavaScript","Spring,JavaEE,React,Angular,Vue.js","Oracle,MySQL","GCC,CMake,Cargo","AWS"
77,"C,C++,JavaScript,HTML,CSS","React,Angular,Vue.js","MySQL,Oracle","GCC,CMake,Ansible","Azure"
78,"Go,JavaScript,HTML,CSS","React,Vue.js","Redis,MariaDB","Go Modules,Docker,Chocolatey","Google Cloud"
79,"PowerShell,Python,JavaScript","NumPy,PyTorch,Scikit-Learn","MongoDB,MySQL","Powershell,Pacman,Chocolatey","AWS"
80,"Rust,JavaScript,HTML,CSS","React,Vue.js","Elasticsearch,Redis","Cargo,LLVM's Clang,CMake","Heroku"
81,"Kotlin,Java,JavaScript,CSS","Spring,JavaEE,React,Angular,Vue.js","PostgreSQL,MySQL","Gradle,Maven,Kotlin","AWS"
82,"Ruby,JavaScript,HTML,CSS","Ruby on Rails,React,Angular,Vue.js","MongoDB,MySQL","RubyGems,Bundler,Homebrew","Heroku"
83,"Lua,JavaScript,HTML,CSS","React,Angular,Vue.js","MySQL,Oracle","LuaRocks,CMake,Pacman","AWS"
84,"Dart,JavaScript,HTML,CSS","Flutter,React,Angular,Vue.js","MySQL,PostgreSQL","Flutter,Visual Studio,Chocolatey","Firebase"
85,"Swift,JavaScript,HTML,CSS","React Native,Flutter,React,Angular,Vue.js","MySQL,Oracle","Swift Package Manager,Xcode,CocoaPods","AWS"
86,"CSS,JavaScript,HTML","React,Angular,Vue.js","MySQL,PostgreSQL","npm,Webpack,Visual Studio","Netlify"
87,"HTML,CSS,JavaScript","React,Angular,Vue.js","MySQL,Redis","npm,Webpack,Visual Studio","Netlify"
88,"Python,JavaScript,CSS","Django,Flask,NumPy","MongoDB,MySQL","Pip,Homebrew,Composer","Heroku"
89,"TypeScript,JavaScript,CSS","React,Angular,Vue.js","PostgreSQL,MySQL","Yarn,Webpack,CMake","AWS"
90,"Bash,Python,JavaScript","NumPy,PyTorch,Scikit-Learn","MongoDB,Redis","Docker,Pacman,Homebrew","Google Cloud"
91,"JavaScript,HTML,CSS","React,Angular,Vue.js","MySQL,PostgreSQL","npm,Webpack,Visual Studio","Vercel"
92,"Python,JavaScript","Django,Flask,NumPy","MongoDB,MySQL","Pip,Homebrew,Composer","AWS"
93,"TypeScript,JavaScript,CSS","React,Angular,Vue.js","PostgreSQL,MySQL","Yarn,Webpack,CMake","Heroku"
94,"Bash,Python","NumPy,PyTorch,Scikit-Learn","MongoDB,Redis","Docker,Pacman,Homebrew","Docker"
95,"Java,C++,HTML,CSS,JavaScript","Spring,JavaEE,React,Angular,Vue.js","MySQL,Oracle,Microsoft SQL Server","Maven,Gradle,Kubernetes","Azure"
96,"C#,JavaScript",".NET,React,Angular,Vue.js","Microsoft SQL Server,MySQL","Visual Studio,MSBuild,Chocolatey","Azure"
97,"C++,C,Java","Spring,JavaEE","Oracle,MySQL","GCC,CMake,Cargo","Heroku"
98,"C,C++,JavaScript","React,Angular,Vue.js","MySQL,Oracle","GCC,CMake,Ansible","Cloudflare"
99,"Go,JavaScript","React,Vue.js","Redis,MariaDB","Go Modules,Docker,Chocolatey","AWS"
100,"PowerShell,Python","NumPy,PyTorch,Scikit-Learn","MongoDB,MySQL","Powershell,Pacman,Chocolatey","AWS"
101,"Rust,JavaScript","React,Vue.js","Elasticsearch,Redis","Cargo,LLVM's Clang,CMake","Google Cloud"
102,"Kotlin,Java,JavaScript","Spring,JavaEE,React,Angular,Vue.js","PostgreSQL,MySQL","Gradle,Maven,Kotlin","Heroku"
103,"Ruby,JavaScript","Ruby on Rails,React,Angular,Vue.js","MongoDB,MySQL","RubyGems,Bundler,Homebrew","Heroku"
104,"Lua,JavaScript","React,Angular,Vue.js","MySQL,Oracle","LuaRocks,CMake,Pacman","Google Cloud"
105,"Dart,JavaScript","Flutter,React,Angular,Vue.js","MySQL,PostgreSQL","Flutter,Visual Studio,Chocolatey","Firebase"
106,"Swift,JavaScript","React Native,Flutter,React,Angular,Vue.js","Oracle,MySQL","Swift Package Manager,Xcode,CocoaPods","AWS"
107,"CSS,JavaScript","React,Angular,Vue.js","MySQL,PostgreSQL","npm,Webpack,Visual Studio","Netlify"
108,"HTML,JavaScript","React,Angular,Vue.js","MySQL,Oracle","npm,Webpack,Visual Studio","Vercel"
109,"PHP,JavaScript","Laravel,WordPress,React,Angular,Vue.js","MySQL,PostgreSQL","Composer,PHP,Homebrew","Heroku"
110,"JavaScript,CSS","React,Angular,Vue.js","MySQL,Redis","npm,Webpack,Visual Studio","Vercel"
111,"Python,HTML,CSS","Django,Flask,NumPy","MongoDB,MySQL","Pip,Homebrew,Composer","AWS"
112,"TypeScript,JavaScript,CSS","React,Angular,Vue.js","PostgreSQL,MySQL","Yarn,Webpack,CMake","Netlify"
113,"Bash,Python,JavaScript","NumPy,PyTorch,Scikit-Learn","MongoDB,Redis","Docker,Pacman,Homebrew","AWS"
114,"Java,C++,HTML,CSS,JavaScript","Spring,JavaEE,React,Angular,Vue.js","MySQL,Oracle,Microsoft SQL Server","Maven,Gradle,Kubernetes","Azure"
115,"C#,JavaScript,HTML,CSS",".NET,React,Angular,Vue.js","Microsoft SQL Server,MySQL","Visual Studio,MSBuild,Chocolatey","Azure"
116,"C++,C,Java,JavaScript","Spring,JavaEE,React,Angular,Vue.js","Oracle,MySQL","GCC,CMake,Cargo","AWS"
117,"C,C++,JavaScript,HTML,CSS","React,Angular,Vue.js","MySQL,Oracle","GCC,CMake,Ansible","Azure"
118,"Go,JavaScript,HTML,CSS","React,Vue.js","Redis,MariaDB","Go Modules,Docker,Chocolatey","Google Cloud"
119,"PowerShell,Python,JavaScript","NumPy,PyTorch,Scikit-Learn","MongoDB,MySQL","Powershell,Pacman,Chocolatey","AWS"
120,"Rust,JavaScript,HTML,CSS","React,Vue.js","Elasticsearch,Redis","Cargo,LLVM's Clang,CMake","Heroku"
121,"Kotlin,Java,JavaScript,CSS","Spring,JavaEE,React,Angular,Vue.js","PostgreSQL,MySQL","Gradle,Maven,Kotlin","AWS"
122,"Ruby,JavaScript,HTML,CSS","Ruby on Rails,React,Angular,Vue.js","MongoDB,MySQL","RubyGems,Bundler,Homebrew","Heroku"
123,"Lua,JavaScript,HTML,CSS","React,Angular,Vue.js","MySQL,Oracle","LuaRocks,CMake,Pacman","AWS"
124,"Dart,JavaScript,HTML,CSS","Flutter,React,Angular,Vue.js","MySQL,PostgreSQL","Flutter,Visual Studio,Chocolatey","Firebase"
125,"Swift,JavaScript,HTML,CSS","React Native,Flutter,React,Angular,Vue.js","MySQL,Redis","Swift Package Manager,Xcode,CocoaPods","AWS"
126,"CSS,JavaScript,HTML","React,Angular,Vue.js","MySQL,PostgreSQL","npm,Webpack,Visual Studio","Vercel"
127,"HTML,CSS,JavaScript","React,Angular,Vue.js","MySQL,Redis","npm,Webpack,Visual Studio","Netlify"
128,"Python,JavaScript,CSS","Django,Flask,NumPy","MongoDB,MySQL","Pip,Homebrew,Composer","AWS"
129,"TypeScript,JavaScript,CSS","React,Angular,Vue.js","PostgreSQL,MySQL","Yarn,Webpack,CMake","AWS"
130,"Bash,Python,JavaScript,CSS","NumPy,PyTorch,Scikit-Learn","MongoDB,Redis","Docker,Pacman,Homebrew","AWS"
131,"Java,C++,HTML,CSS,JavaScript","Spring,JavaEE,React,Angular,Vue.js","MySQL,Oracle,Microsoft SQL Server","Maven,Gradle,Kubernetes","Azure"
132,"C#,JavaScript,CSS",".NET,React,Angular,Vue.js","MySQL,Oracle","Visual Studio,MSBuild,Chocolatey","AWS"
133,"C++,C,Java,JavaScript","Spring,JavaEE,React,Angular,Vue.js","Oracle,MySQL","GCC,CMake,Cargo","Google Cloud"
134,"C,C++,JavaScript,HTML,CSS","React,Angular,Vue.js","MySQL,Oracle","GCC,CMake,Ansible","AWS"
135,"Go,JavaScript,CSS","React,Vue.js","MariaDB,Redis","Go Modules,Docker,Chocolatey","Heroku"
136,"PowerShell,Python,JavaScript,HTML","NumPy,PyTorch,Scikit-Learn","MongoDB,MySQL","Powershell,Pacman,Chocolatey","AWS"
137,"Rust,JavaScript,HTML,CSS","React,Vue.js","Elasticsearch,Redis","Cargo,LLVM's Clang,CMake","Google Cloud"
138,"Kotlin,Java,JavaScript,CSS","Spring,JavaEE,React,Angular,Vue.js","PostgreSQL,MySQL","Gradle,Maven,Kotlin","AWS"
139,"Ruby,JavaScript,HTML,CSS","Ruby on Rails,React,Angular,Vue.js","MongoDB,MySQL","RubyGems,Bundler,Homebrew","Heroku"
140,"Lua,JavaScript,HTML,CSS","React,Angular,Vue.js","MySQL,Oracle","LuaRocks,CMake,Pacman","AWS"
141,"Dart,JavaScript,HTML,CSS","Flutter,React,Angular,Vue.js","MySQL,PostgreSQL","Flutter,Visual Studio,Chocolatey","Firebase"
142,"Swift,JavaScript,HTML,CSS","React Native,Flutter,React,Angular,Vue.js","MySQL,Oracle","Swift Package Manager,Xcode,CocoaPods","AWS"
143,"CSS,JavaScript,HTML","React,Angular,Vue.js","MySQL,PostgreSQL","npm,Webpack,Visual Studio","Netlify"
144,"HTML,CSS,JavaScript","React,Angular,Vue.js","MySQL,Redis","npm,Webpack,Visual Studio","Netlify"
145,"Python,JavaScript,CSS","Django,Flask,NumPy","MongoDB,MySQL","Pip,Homebrew,Composer","Heroku"
146,"TypeScript,JavaScript,CSS","React,Angular,Vue.js","PostgreSQL,MySQL","Yarn,Webpack,CMake","AWS"
147,"Bash,Python,JavaScript","NumPy,PyTorch,Scikit-Learn","MongoDB,Redis","Docker,Pacman,Homebrew","Google Cloud"
148,"Java,C++,HTML,CSS,JavaScript","Spring,JavaEE,React,Angular,Vue.js","MySQL,Oracle,Microsoft SQL Server","Maven,Gradle,Kubernetes","Azure"
149,"C#,JavaScript,HTML,CSS",".NET,React,Angular,Vue.js","Microsoft SQL Server,MySQL","Visual Studio,MSBuild,Chocolatey","Azure"
150,"C++,C,Java,JavaScript","Spring,JavaEE,React,Angular,Vue.js","Oracle,MySQL","GCC,CMake,Cargo","Heroku"
151,"C,C++,JavaScript,HTML,CSS","React,Angular,Vue.js","MySQL,Oracle","GCC,CMake,Ansible","Azure"
152,"Go,JavaScript,HTML,CSS","React,Vue.js","Redis,MariaDB","Go Modules,Docker,Chocolatey","AWS"
153,"PowerShell,Python,JavaScript","NumPy,PyTorch,Scikit-Learn","MongoDB,MySQL","Powershell,Pacman,Chocolatey","AWS"
154,"Rust,JavaScript,HTML,CSS","React,Vue.js","Elasticsearch,Redis","Cargo,LLVM's Clang,CMake","Google Cloud"
155,"Kotlin,Java,JavaScript,CSS","Spring,JavaEE,React,Angular,Vue.js","PostgreSQL,MySQL","Gradle,Maven,Kotlin","Heroku"
156,"Ruby,JavaScript,HTML,CSS","Ruby on Rails,React,Angular,Vue.js","MongoDB,MySQL","RubyGems,Bundler,Homebrew","Heroku"
157,"Lua,JavaScript,HTML,CSS","React,Angular,Vue.js","MySQL,Oracle","LuaRocks,CMake,Pacman","AWS"
158,"Dart,JavaScript,HTML,CSS","Flutter,React,Angular,Vue.js","MySQL,PostgreSQL","Flutter,Visual Studio,Chocolatey","Firebase"
159,"Swift,JavaScript,HTML,CSS","React Native,Flutter,React,Angular,Vue.js","MySQL,Oracle","Swift Package Manager,Xcode,CocoaPods","AWS"
160,"CSS,JavaScript,HTML","React,Angular,Vue.js","MySQL,PostgreSQL","npm,Webpack,Visual Studio","Netlify"
161,"HTML,CSS,JavaScript","React,Angular,Vue.js","MySQL,Redis","npm,Webpack,Visual Studio","Netlify"
162,"Python,JavaScript,CSS","Django,Flask,NumPy","MongoDB,MySQL","Pip,Homebrew,Composer","Heroku"
163,"TypeScript,JavaScript,CSS","React,Angular,Vue.js","PostgreSQL,MySQL","Yarn,Webpack,CMake","AWS"
164,"Bash,Python,JavaScript,CSS","NumPy,PyTorch,Scikit-Learn","MongoDB,Redis","Docker,Pacman,Homebrew","AWS"
165,"Java,C++,HTML,CSS,JavaScript","Spring,JavaEE,React,Angular,Vue.js","MySQL,Oracle,Microsoft SQL Server","Maven,Gradle,Kubernetes","Azure"
166,"C#,JavaScript,CSS",".NET,React,Angular,Vue.js","MySQL,Oracle","Visual Studio,MSBuild,Chocolatey","AWS"
167,"C++,C,Java,JavaScript","Spring,JavaEE,React,Angular,Vue.js","Oracle,MySQL","GCC,CMake,Cargo","Google Cloud"
168,"C,C++,JavaScript,HTML,CSS","React,Angular,Vue.js","MySQL,Oracle","GCC,CMake,Ansible","AWS"
169,"Go,JavaScript,HTML,CSS","React,Vue.js","Redis,MariaDB","Go Modules,Docker,Chocolatey","Heroku"
170,"PowerShell,Python,JavaScript,HTML","NumPy,PyTorch,Scikit-Learn","MongoDB,MySQL","Powershell,Pacman,Chocolatey","AWS"
171,"Rust,JavaScript,HTML,CSS","React,Vue.js","Elasticsearch,Redis","Cargo,LLVM's Clang,CMake","Google Cloud"
172,"Kotlin,Java,JavaScript,CSS","Spring,JavaEE,React,Angular,Vue.js","PostgreSQL,MySQL","Gradle,Maven,Kotlin","AWS"
173,"Ruby,JavaScript,HTML,CSS","Ruby on Rails,React,Angular,Vue.js","MongoDB,MySQL","RubyGems,Bundler,Homebrew","Heroku"
174,"Lua,JavaScript,HTML,CSS","React,Angular,Vue.js","MySQL,Oracle","LuaRocks,CMake,Pacman","AWS"
175,"Dart,JavaScript,HTML,CSS","Flutter,React,Angular,Vue.js","MySQL,PostgreSQL","Flutter,Visual Studio,Chocolatey","Firebase"
176,"Swift,JavaScript,HTML,CSS","React Native,Flutter,React,Angular,Vue.js","MySQL,Redis","Swift Package Manager,Xcode,CocoaPods","AWS"
177,"CSS,JavaScript,HTML","React,Angular,Vue.js","MySQL,PostgreSQL","npm,Webpack,Visual Studio","Vercel"
178,"HTML,CSS,JavaScript","React,Angular,Vue.js","MySQL,Redis","npm,Webpack,Visual Studio","Netlify"
179,"Python,JavaScript,CSS","Django,Flask,NumPy","MongoDB,MySQL","Pip,Homebrew,Composer","AWS"
180,"TypeScript,JavaScript,CSS","React,Angular,Vue.js","PostgreSQL,MySQL","Yarn,Webpack,CMake","AWS"
181,"Bash,Python,JavaScript","NumPy,PyTorch,Scikit-Learn","MongoDB,Redis","Docker,Pacman,Homebrew","Google Cloud"
182,"C#,JavaScript,HTML,CSS",".NET,React,Angular,Vue.js","Microsoft SQL Server,MySQL","Visual Studio,MSBuild,Chocolatey","Azure"
183,"C++,C,Java,JavaScript","Spring,JavaEE,React,Angular,Vue.js","Oracle,MySQL","GCC,CMake,Cargo","AWS"
184,"C,C++,JavaScript,HTML,CSS","React,Angular,Vue.js","MySQL,Oracle","GCC,CMake,Ansible","Azure"
185,"Go,JavaScript,HTML,CSS","React,Vue.js","Redis,MariaDB","Go Modules,Docker,Chocolatey","AWS"
186,"PowerShell,Python,JavaScript,HTML","NumPy,PyTorch,Scikit-Learn","MongoDB,MySQL","Powershell,Pacman,Chocolatey","AWS"
187,"Rust,JavaScript,HTML,CSS","React,Vue.js","Elasticsearch,Redis","Cargo,LLVM's Clang,CMake","Google Cloud"
188,"Kotlin,Java,JavaScript,CSS","Spring,JavaEE,React,Angular,Vue.js","PostgreSQL,MySQL","Gradle,Maven,Kotlin","Heroku"
189,"Ruby,JavaScript,HTML,CSS","Ruby on Rails,React,Angular,Vue.js","MongoDB,MySQL","RubyGems,Bundler,Homebrew","Heroku"
190,"Lua,JavaScript,HTML,CSS","React,Angular,Vue.js","MySQL,Oracle","LuaRocks,CMake,Pacman","AWS"
191,"Dart,JavaScript,HTML,CSS","Flutter,React,Angular,Vue.js","MySQL,PostgreSQL","Flutter,Visual Studio,Chocolatey","Firebase"
192,"Swift,JavaScript,HTML,CSS","React Native,Flutter,React,Angular,Vue.js","MySQL,Redis","Swift Package Manager,Xcode,CocoaPods","AWS"
193,"CSS,JavaScript,HTML","React,Angular,Vue.js","MySQL,PostgreSQL","npm,Webpack,Visual Studio","Netlify"
194,"HTML,CSS,JavaScript","React,Angular,Vue.js","MySQL,Redis","npm,Webpack,Visual Studio","Netlify"
195,"Python,JavaScript,CSS","Django,Flask,NumPy","MongoDB,MySQL","Pip,Homebrew,Composer","Heroku"
196,"TypeScript,JavaScript,CSS","React,Angular,Vue.js","PostgreSQL,MySQL","Yarn,Webpack,CMake","AWS"
197,"Bash,Python,JavaScript,CSS","NumPy,PyTorch,Scikit-Learn","MongoDB,Redis","Docker,Pacman,Homebrew","AWS"
198,"Java,C++,HTML,CSS,JavaScript","Spring,JavaEE,React,Angular,Vue.js","MySQL,Oracle,Microsoft SQL Server","Maven,Gradle,Kubernetes","Azure"
199,"C#,JavaScript,CSS",".NET,React,Angular,Vue.js","MySQL,Oracle","Visual Studio,MSBuild,Chocolatey","AWS"
200,"C++,C,Java,JavaScript","Spring,JavaEE,React,Angular,Vue.js","Oracle,MySQL","GCC,CMake,Cargo","Google Cloud"
201,"C,C++,JavaScript,HTML,CSS","React,Angular,Vue.js","MySQL,Oracle","GCC,CMake,Ansible","AWS"
202,"Go,JavaScript,HTML,CSS","React,Vue.js","Redis,MariaDB","Go Modules,Docker,Chocolatey","Heroku"
203,"PowerShell,Python,JavaScript,HTML","NumPy,PyTorch,Scikit-Learn","MongoDB,MySQL","Powershell,Pacman,Chocolatey","AWS"
204,"Rust,JavaScript,HTML,CSS","React,Vue.js","Elasticsearch,Redis","Cargo,LLVM's Clang,CMake","Google Cloud"
205,"Kotlin,Java,JavaScript,CSS","Spring,JavaEE,React,Angular,Vue.js","PostgreSQL,MySQL","Gradle,Maven,Kotlin","AWS"
206,"Ruby,JavaScript,HTML,CSS","Ruby on Rails,React,Angular,Vue.js","MongoDB,MySQL","RubyGems,Bundler,Homebrew","Heroku"
207,"Lua,JavaScript,HTML,CSS","React,Angular,Vue.js","MySQL,Oracle","LuaRocks,CMake,Pacman","AWS"
208,"Dart,JavaScript,HTML,CSS","Flutter,React,Angular,Vue.js","MySQL,PostgreSQL","Flutter,Visual Studio,Chocolatey","Firebase"
209,"Swift,JavaScript,HTML,CSS","React Native,Flutter,React,Angular,Vue.js","MySQL,Redis","Swift Package Manager,Xcode,CocoaPods","AWS"
210,"CSS,JavaScript,HTML","React,Angular,Vue.js","MySQL,PostgreSQL","npm,Webpack,Visual Studio","Vercel"
211,"HTML,CSS,JavaScript","React,Angular,Vue.js","MySQL,Redis","npm,Webpack,Visual Studio","Netlify"
212,"Python,JavaScript,CSS","Django,Flask,NumPy","MongoDB,MySQL","Pip,Homebrew,Composer","AWS"
213,"TypeScript,JavaScript,CSS","React,Angular,Vue.js","PostgreSQL,MySQL","Yarn,Webpack,CMake","AWS"
214,"Bash,Python,JavaScript","NumPy,PyTorch,Scikit-Learn","MongoDB,Redis","Docker,Pacman,Homebrew","Google Cloud"
216,"C,C++,JavaScript,HTML,CSS","React,Angular,Vue.js","MySQL,Oracle","GCC,CMake,Ansible","Azure"
217,"Go,JavaScript,HTML,CSS","React,Vue.js","Redis,MariaDB","Go Modules,Docker,Chocolatey","AWS"
218,"PowerShell,Python,JavaScript","NumPy,PyTorch,Scikit-Learn","MongoDB,MySQL","Powershell,Pacman,Chocolatey","AWS"
219,"Rust,JavaScript,HTML,CSS","React,Vue.js","Elasticsearch,Redis","Cargo,LLVM's Clang,CMake","Google Cloud"
220,"Kotlin,Java,JavaScript,CSS","Spring,JavaEE,React,Angular,Vue.js","PostgreSQL,MySQL","Gradle,Maven,Kotlin","Heroku"
221,"Ruby,JavaScript,HTML,CSS","Ruby on Rails,React,Angular,Vue.js","MongoDB,MySQL","RubyGems,Bundler,Homebrew","Heroku"
222,"Lua,JavaScript,HTML,CSS","React,Angular,Vue.js","MySQL,Oracle","LuaRocks,CMake,Pacman","AWS"
223,"Dart,JavaScript,HTML,CSS","Flutter,React,Angular,Vue.js","MySQL,PostgreSQL","Flutter,Visual Studio,Chocolatey","Firebase"
224,"Swift,JavaScript,HTML,CSS","React Native,Flutter,React,Angular,Vue.js","MySQL,Redis","Swift Package Manager,Xcode,CocoaPods","AWS"
225,"CSS,JavaScript,HTML","React,Angular,Vue.js","MySQL,PostgreSQL","npm,Webpack,Visual Studio","Netlify"
226,"HTML,CSS,JavaScript","React,Angular,Vue.js","MySQL,Redis","npm,Webpack,Visual Studio","Netlify"
227,"Python,JavaScript,CSS","Django,Flask,NumPy","MongoDB,MySQL","Pip,Homebrew,Composer","Heroku"
228,"TypeScript,JavaScript,CSS","React,Angular,Vue.js","PostgreSQL,MySQL","Yarn,Webpack,CMake","AWS"
229,"Bash,Python,JavaScript,CSS","NumPy,PyTorch,Scikit-Learn","MongoDB,Redis","Docker,Pacman,Homebrew","AWS"
230,"Java,C++,HTML,CSS,JavaScript","Spring,JavaEE,React,Angular,Vue.js","MySQL,Oracle,Microsoft SQL Server","Maven,Gradle,Kubernetes","Azure"
231,"C#,JavaScript,CSS",".NET,React,Angular,Vue.js","MySQL,Oracle","Visual Studio,MSBuild,Chocolatey","AWS"
232,"C++,C,Java,JavaScript","Spring,JavaEE,React,Angular,Vue.js","Oracle,MySQL","GCC,CMake,Cargo","Google Cloud"
233,"C,C++,JavaScript,HTML,CSS","React,Angular,Vue.js","MySQL,Oracle","GCC,CMake,Ansible","AWS"
234,"Go,JavaScript,HTML,CSS","React,Vue.js","Redis,MariaDB","Go Modules,Docker,Chocolatey","Heroku"
235,"PowerShell,Python,JavaScript,HTML","NumPy,PyTorch,Scikit-Learn","MongoDB,MySQL","Powershell,Pacman,Chocolatey","AWS"
236,"Rust,JavaScript,HTML,CSS","React,Vue.js","Elasticsearch,Redis","Cargo,LLVM's Clang,CMake","Google Cloud"
237,"Kotlin,Java,JavaScript,CSS","Spring,JavaEE,React,Angular,Vue.js","PostgreSQL,MySQL","Gradle,Maven,Kotlin","AWS"
238,"Ruby,JavaScript,HTML,CSS","Ruby on Rails,React,Angular,Vue.js","MongoDB,MySQL","RubyGems,Bundler,Homebrew","Heroku"
239,"Lua,JavaScript,HTML,CSS","React,Angular,Vue.js","MySQL,Oracle","LuaRocks,CMake,Pacman","AWS"
240,"Dart,JavaScript,HTML,CSS","Flutter,React,Angular,Vue.js","MySQL,PostgreSQL","Flutter,Visual Studio,Chocolatey","Firebase"
241,"Swift,JavaScript,HTML,CSS","React Native,Flutter,React,Angular,Vue.js","MySQL,Redis","Swift Package Manager,Xcode,CocoaPods","AWS"
242,"CSS,JavaScript,HTML","React,Angular,Vue.js","MySQL,PostgreSQL","npm,Webpack,Visual Studio","Vercel"
243,"HTML,CSS,JavaScript","React,Angular,Vue.js","MySQL,Redis","npm,Webpack,Visual Studio","Netlify"
244,"Python,JavaScript,CSS","Django,Flask,NumPy","MongoDB,MySQL","Pip,Homebrew,Composer","AWS"
245,"TypeScript,JavaScript,CSS","React,Angular,Vue.js","PostgreSQL,MySQL","Yarn,Webpack,CMake","AWS"
246,"Bash,Python,JavaScript","NumPy,PyTorch,Scikit-Learn","MongoDB,Redis","Docker,Pacman,Homebrew","Google Cloud"
247,"C#,JavaScript,HTML,CSS",".NET,React,Angular,Vue.js","Microsoft SQL Server,MySQL","Visual Studio,MSBuild,Chocolatey","Azure"
248,"C++,C,Java,JavaScript","Spring,JavaEE,React,Angular,Vue.js","Oracle,MySQL","GCC,CMake,Cargo","AWS"
249,"C,C++,JavaScript,HTML,CSS","React,Angular,Vue.js","MySQL,Oracle","GCC,CMake,Ansible","Azure"
250,"Go,JavaScript,HTML,CSS","React,Vue.js","Redis,MariaDB","Go Modules,Docker,Chocolatey","AWS"
251,"PowerShell,Python,JavaScript,HTML","NumPy,PyTorch,Scikit-Learn","MongoDB,MySQL","Powershell,Pacman,Chocolatey","AWS"
252,"Rust,JavaScript,HTML,CSS","React,Vue.js","Elasticsearch,Redis","Cargo,LLVM's Clang,CMake","Google Cloud"
253,"Kotlin,Java,JavaScript,CSS","Spring,JavaEE,React,Angular,Vue.js","PostgreSQL,MySQL","Gradle,Maven,Kotlin","Heroku"
254,"Ruby,JavaScript,HTML,CSS","Ruby on Rails,React,Angular,Vue.js","MongoDB,MySQL","RubyGems,Bundler,Homebrew","Heroku"
255,"Lua,JavaScript,HTML,CSS","React,Angular,Vue.js","MySQL,Oracle","LuaRocks,CMake,Pacman","AWS"
256,"Dart,JavaScript,HTML,CSS","Flutter,React,Angular,Vue.js","MySQL,PostgreSQL","Flutter,Visual Studio,Chocolatey","Firebase"
257,"Swift,JavaScript,HTML,CSS","React Native,Flutter,React,Angular,Vue.js","MySQL,Redis","Swift Package Manager,Xcode,CocoaPods","AWS"
258,"CSS,JavaScript,HTML","React,Angular,Vue.js","MySQL,PostgreSQL","npm,Webpack,Visual Studio","Netlify"
259,"HTML,CSS,JavaScript","React,Angular,Vue.js","MySQL,Redis","npm,Webpack,Visual Studio","Netlify"
260,"Python,JavaScript,CSS","Django,Flask,NumPy","MongoDB,MySQL","Pip,Homebrew,Composer","Heroku"
261,"TypeScript,JavaScript,CSS","React,Angular,Vue.js","PostgreSQL,MySQL","Yarn,Webpack,CMake","AWS"
262,"Bash,Python,JavaScript,CSS","NumPy,PyTorch,Scikit-Learn","MongoDB,Redis","Docker,Pacman,Homebrew","AWS"
263,"Java,C++,HTML,CSS,JavaScript","Spring,JavaEE,React,Angular,Vue.js","MySQL,Oracle,Microsoft SQL Server","Maven,Gradle,Kubernetes","Azure"
264,"C#,JavaScript,CSS",".NET,React,Angular,Vue.js","MySQL,Oracle","Visual Studio,MSBuild,Chocolatey","AWS"
265,"C++,C,Java,JavaScript","Spring,JavaEE,React,Angular,Vue.js","Oracle,MySQL","GCC,CMake,Cargo","Google Cloud"
266,"C,C++,JavaScript,HTML,CSS","React,Angular,Vue.js","MySQL,Oracle","GCC,CMake,Ansible","AWS"
267,"Go,JavaScript,HTML,CSS","React,Vue.js","Redis,MariaDB","Go Modules,Docker,Chocolatey","Heroku"
268,"PowerShell,Python,JavaScript,HTML","NumPy,PyTorch,Scikit-Learn","MongoDB,MySQL","Powershell,Pacman,Chocolatey","AWS"
269,"Rust,JavaScript,HTML,CSS","React,Vue.js","Elasticsearch,Redis","Cargo,LLVM's Clang,CMake","Google Cloud"
270,"Kotlin,Java,JavaScript,CSS","Spring,JavaEE,React,Angular,Vue.js","PostgreSQL,MySQL","Gradle,Maven,Kotlin","AWS"
271,"Ruby,JavaScript,HTML,CSS","Ruby on Rails,React,Angular,Vue.js","MongoDB,MySQL","RubyGems,Bundler,Homebrew","Heroku"
272,"Lua,JavaScript,HTML,CSS","React,Angular,Vue.js","MySQL,Oracle","LuaRocks,CMake,Pacman","AWS"
273,"Dart,JavaScript,HTML,CSS","Flutter,React,Angular,Vue.js","MySQL,PostgreSQL","Flutter,Visual Studio,Chocolatey","Firebase"
274,"Swift,JavaScript,HTML,CSS","React Native,Flutter,React,Angular,Vue.js","MySQL,Redis","Swift Package Manager,Xcode,CocoaPods","AWS"
275,"CSS,JavaScript,HTML","React,Angular,Vue.js","MySQL,PostgreSQL","npm,Webpack,Visual Studio","Vercel"
276,"HTML,CSS,JavaScript","React,Angular,Vue.js","MySQL,Redis","npm,Webpack,Visual Studio","Netlify"
277,"Python,JavaScript,CSS","Django,Flask,NumPy","MongoDB,MySQL","Pip,Homebrew,Composer","AWS"
278,"TypeScript,JavaScript,CSS","React,Angular,Vue.js","PostgreSQL,MySQL","Yarn,Webpack,CMake","AWS"
279,"Bash,Python,JavaScript","NumPy,PyTorch,Scikit-Learn","MongoDB,Redis","Docker,Pacman,Homebrew","Google Cloud"
280,"C#,JavaScript,HTML,CSS",".NET,React,Angular,Vue.js","Microsoft SQL Server,MySQL","Visual Studio,MSBuild,Chocolatey","Azure"
281,"C++,C,Java,JavaScript","Spring,JavaEE,React,Angular,Vue.js","Oracle,MySQL","GCC,CMake,Cargo","AWS"
282,"C,C++,JavaScript,HTML,CSS","React,Angular,Vue.js","MySQL,Oracle","GCC,CMake,Ansible","Azure"
283,"Go,JavaScript,HTML,CSS","React,Vue.js","Redis,MariaDB","Go Modules,Docker,Chocolatey","AWS"
284,"PowerShell,Python,JavaScript,HTML","NumPy,PyTorch,Scikit-Learn","MongoDB,MySQL","Powershell,Pacman,Chocolatey","AWS"
285,"Rust,JavaScript,HTML,CSS","React,Vue.js","Elasticsearch,Redis","Cargo,LLVM's Clang,CMake","Google Cloud"
286,"Kotlin,Java,JavaScript,CSS","Spring,JavaEE,React,Angular,Vue.js","PostgreSQL,MySQL","Gradle,Maven,Kotlin","Heroku"
287,"Ruby,JavaScript,HTML,CSS","Ruby on Rails,React,Angular,Vue.js","MongoDB,MySQL","RubyGems,Bundler,Homebrew","Heroku"
288,"Lua,JavaScript,HTML,CSS","React,Angular,Vue.js","MySQL,Oracle","LuaRocks,CMake,Pacman","AWS"
289,"Dart,JavaScript,HTML,CSS","Flutter,React,Angular,Vue.js","MySQL,PostgreSQL","Flutter,Visual Studio,Chocolatey","Firebase"
290,"Swift,JavaScript,HTML,CSS","React Native,Flutter,React,Angular,Vue.js","MySQL,Redis","Swift Package Manager,Xcode,CocoaPods","AWS"
291,"CSS,JavaScript,HTML","React,Angular,Vue.js","MySQL,PostgreSQL","npm,Webpack,Visual Studio","Netlify"
292,"HTML,CSS,JavaScript","React,Angular,Vue.js","MySQL,Redis","npm,Webpack,Visual Studio","Netlify"
293,"Python,JavaScript,CSS","Django,Flask,NumPy","MongoDB,MySQL","Pip,Homebrew,Composer","Heroku"
294,"TypeScript,JavaScript,CSS","React,Angular,Vue.js","PostgreSQL,MySQL","Yarn,Webpack,CMake","AWS"
295,"Bash,Python,JavaScript,CSS","NumPy,PyTorch,Scikit-Learn","MongoDB,Redis","Docker,Pacman,Homebrew","AWS"
296,"Java,C++,HTML,CSS,JavaScript","Spring,JavaEE,React,Angular,Vue.js","MySQL,Oracle,Microsoft SQL Server","Maven,Gradle,Kubernetes","Azure"
297,"C#,JavaScript,CSS",".NET,React,Angular,Vue.js","MySQL,Oracle","Visual Studio,MSBuild,Chocolatey","AWS"
298,"C++,C,Java,JavaScript","Spring,JavaEE,React,Angular,Vue.js","Oracle,MySQL","GCC,CMake,Cargo","Google Cloud"
299,"C,C++,JavaScript,HTML,CSS","React,Angular,Vue.js","MySQL,Oracle","GCC,CMake,Ansible","AWS"
300,"Go,JavaScript,HTML,CSS","React,Vue.js","Redis,MariaDB","Go Modules,Docker,Chocolatey","Heroku"
301,"PowerShell,Python,JavaScript,HTML","NumPy,PyTorch,Scikit-Learn","MongoDB,MySQL","Powershell,Pacman,Chocolatey","AWS"
302,"Rust,JavaScript,HTML,CSS","React,Vue.js","Elasticsearch,Redis","Cargo,LLVM's Clang,CMake","Google Cloud"
303,"Kotlin,Java,JavaScript,CSS","Spring,JavaEE,React,Angular,Vue.js","PostgreSQL,MySQL","Gradle,Maven,Kotlin","AWS"
304,"Ruby,JavaScript,HTML,CSS","Ruby on Rails,React,Angular,Vue.js","MongoDB,MySQL","RubyGems,Bundler,Homebrew","Heroku"
305,"Lua,JavaScript,HTML,CSS","React,Angular,Vue.js","MySQL,Oracle","LuaRocks,CMake,Pacman","AWS"
306,"Dart,JavaScript,HTML,CSS","Flutter,React,Angular,Vue.js","MySQL,PostgreSQL","Flutter,Visual Studio,Chocolatey","Firebase"
307,"Swift,JavaScript,HTML,CSS","React Native,Flutter,React,Angular,Vue.js","MySQL,Redis","Swift Package Manager,Xcode,CocoaPods","AWS"
308,"CSS,JavaScript,HTML","React,Angular,Vue.js","MySQL,PostgreSQL","npm,Webpack,Visual Studio","Vercel"
309,"HTML,CSS,JavaScript","React,Angular,Vue.js","MySQL,Redis","npm,Webpack,Visual Studio","Netlify"
310,"Python,JavaScript,CSS","Django,Flask,NumPy","MongoDB,MySQL","Pip,Homebrew,Composer","AWS"
311,"TypeScript,JavaScript,CSS","React,Angular,Vue.js","PostgreSQL,MySQL","Yarn,Webpack,CMake","AWS"
312,"Bash,Python,JavaScript","NumPy,PyTorch,Scikit-Learn","MongoDB,Redis","Docker,Pacman,Homebrew","Google Cloud"
313,"C#,JavaScript,HTML,CSS",".NET,React,Angular,Vue.js","Microsoft SQL Server,MySQL","Visual Studio,MSBuild,Chocolatey","Azure"
314,"C++,C,Java,JavaScript","Spring,JavaEE,React,Angular,Vue.js","Oracle,MySQL","GCC,CMake,Cargo","AWS"
315,"C,C++,JavaScript,HTML,CSS","React,Angular,Vue.js","MySQL,Oracle","GCC,CMake,Ansible","Azure"
316,"Go,JavaScript,HTML,CSS","React,Vue.js","Redis,MariaDB","Go Modules,Docker,Chocolatey","AWS"
317,"PowerShell,Python,JavaScript,HTML","NumPy,PyTorch,Scikit-Learn","MongoDB,MySQL","Powershell,Pacman,Chocolatey","AWS"
318,"Rust,JavaScript,HTML,CSS","React,Vue.js","Elasticsearch,Redis","Cargo,LLVM's Clang,CMake","Google Cloud"
319,"Kotlin,Java,JavaScript,CSS","Spring,JavaEE,React,Angular,Vue.js","PostgreSQL,MySQL","Gradle,Maven,Kotlin","Heroku"
320,"Ruby,JavaScript,HTML,CSS","Ruby on Rails,React,Angular,Vue.js","MongoDB,MySQL","RubyGems,Bundler,Homebrew","Heroku"
321,"Lua,JavaScript,HTML,CSS","React,Angular,Vue.js","MySQL,Oracle","LuaRocks,CMake,Pacman","AWS"
322,"Dart,JavaScript,HTML,CSS","Flutter,React,Angular,Vue.js","MySQL,PostgreSQL","Flutter,Visual Studio,Chocolatey","Firebase"
323,"Swift,JavaScript,HTML,CSS","React Native,Flutter,React,Angular,Vue.js","MySQL,Redis","Swift Package Manager,Xcode,CocoaPods","AWS"
324,"CSS,JavaScript,HTML","React,Angular,Vue.js","MySQL,PostgreSQL","npm,Webpack,Visual Studio","Netlify"
325,"HTML,CSS,JavaScript","React,Angular,Vue.js","MySQL,Redis","npm,Webpack,Visual Studio","Netlify"
326,"Python,JavaScript,CSS","Django,Flask,NumPy","MongoDB,MySQL","Pip,Homebrew,Composer","Heroku"
327,"TypeScript,JavaScript,CSS","React,Angular,Vue.js","PostgreSQL,MySQL","Yarn,Webpack,CMake","AWS"
328,"Bash,Python,JavaScript,CSS","NumPy,PyTorch,Scikit-Learn","MongoDB,Redis","Docker,Pacman,Homebrew","AWS"
329,"Java,C++,HTML,CSS,JavaScript","Spring,JavaEE,React,Angular,Vue.js","MySQL,Oracle,Microsoft SQL Server","Maven,Gradle,Kubernetes","Azure"
330,"C#,JavaScript,CSS",".NET,React,Angular,Vue.js","MySQL,Oracle","Visual Studio,MSBuild,Chocolatey","AWS"
331,"C++,C,Java,JavaScript","Spring,JavaEE,React,Angular,Vue.js","Oracle,MySQL","GCC,CMake,Cargo","Google Cloud"
332,"C,C++,JavaScript,HTML,CSS","React,Angular,Vue.js","MySQL,Oracle","GCC,CMake,Ansible","AWS"
333,"Go,JavaScript,HTML,CSS","React,Vue.js","Redis,MariaDB","Go Modules,Docker,Chocolatey","Heroku"
334,"PowerShell,Python,JavaScript,HTML","NumPy,PyTorch,Scikit-Learn","MongoDB,MySQL","Powershell,Pacman,Chocolatey","AWS"
335,"Rust,JavaScript,HTML,CSS","React,Vue.js","Elasticsearch,Redis","Cargo,LLVM's Clang,CMake","Google Cloud"
336,"Kotlin,Java,JavaScript,CSS","Spring,JavaEE,React,Angular,Vue.js","PostgreSQL,MySQL","Gradle,Maven,Kotlin","AWS"
337,"Ruby,JavaScript,HTML,CSS","Ruby on Rails,React,Angular,Vue.js","MongoDB,MySQL","RubyGems,Bundler,Homebrew","Heroku"
338,"Lua,JavaScript,HTML,CSS","React,Angular,Vue.js","MySQL,Oracle","LuaRocks,CMake,Pacman","AWS"
339,"Dart,JavaScript,HTML,CSS","Flutter,React,Angular,Vue.js","MySQL,PostgreSQL","Flutter,Visual Studio,Chocolatey","Firebase"
340,"Swift,JavaScript,HTML,CSS","React Native,Flutter,React,Angular,Vue.js","MySQL,Redis","Swift Package Manager,Xcode,CocoaPods","AWS"
341,"CSS,JavaScript,HTML","React,Angular,Vue.js","MySQL,PostgreSQL","npm,Webpack,Visual Studio","Vercel"
342,"HTML,CSS,JavaScript","React,Angular,Vue.js","MySQL,Redis","npm,Webpack,Visual Studio","Netlify"
343,"Python,JavaScript,CSS","Django,Flask,NumPy","MongoDB,MySQL","Pip,Homebrew,Composer","AWS"
344,"TypeScript,JavaScript,CSS","React,Angular,Vue.js","PostgreSQL,MySQL","Yarn,Webpack,CMake","AWS"
345,"Bash,Python,JavaScript","NumPy,PyTorch,Scikit-Learn","MongoDB,Redis","Docker,Pacman,Homebrew","Google Cloud"
378,"C#,JavaScript,HTML,CSS",".NET,React,Angular,Vue.js","Microsoft SQL Server,MySQL","Visual Studio,MSBuild,Chocolatey","Azure"
379,"C++,C,Java,JavaScript","Spring,JavaEE,React,Angular,Vue.js","Oracle,MySQL","GCC,CMake,Cargo","AWS"
380,"C,C++,JavaScript,HTML,CSS","React,Angular,Vue.js","MySQL,Oracle","GCC,CMake,Ansible","Azure"
381,"Go,JavaScript,HTML,CSS","React,Vue.js","Redis,MariaDB","Go Modules,Docker,Chocolatey","AWS"
382,"PowerShell,Python,JavaScript,HTML","NumPy,PyTorch,Scikit-Learn","MongoDB,MySQL","Powershell,Pacman,Chocolatey","AWS"
383,"Rust,JavaScript,HTML,CSS","React,Vue.js","Elasticsearch,Redis","Cargo,LLVM's Clang,CMake","Google Cloud"
384,"Kotlin,Java,JavaScript,CSS","Spring,JavaEE,React,Angular,Vue.js","PostgreSQL,MySQL","Gradle,Maven,Kotlin","Heroku"
385,"Ruby,JavaScript,HTML,CSS","Ruby on Rails,React,Angular,Vue.js","MongoDB,MySQL","RubyGems,Bundler,Homebrew","Heroku"
386,"Lua,JavaScript,HTML,CSS","React,Angular,Vue.js","MySQL,Oracle","LuaRocks,CMake,Pacman","AWS"
387,"Dart,JavaScript,HTML,CSS","Flutter,React,Angular,Vue.js","MySQL,PostgreSQL","Flutter,Visual Studio,Chocolatey","Firebase"
388,"Swift,JavaScript,HTML,CSS","React Native,Flutter,React,Angular,Vue.js","MySQL,Redis","Swift Package Manager,Xcode,CocoaPods","AWS"
389,"CSS,JavaScript,HTML","React,Angular,Vue.js","MySQL,PostgreSQL","npm,Webpack,Visual Studio","Netlify"
390,"HTML,CSS,JavaScript","React,Angular,Vue.js","MySQL,Redis","npm,Webpack,Visual Studio","Netlify"
391,"Python,JavaScript,CSS","Django,Flask,NumPy","MongoDB,MySQL","Pip,Homebrew,Composer","Heroku"
392,"TypeScript,JavaScript,CSS","React,Angular,Vue.js","PostgreSQL,MySQL","Yarn,Webpack,CMake","AWS"
393,"Bash,Python,JavaScript,CSS","NumPy,PyTorch,Scikit-Learn","MongoDB,Redis","Docker,Pacman,Homebrew","AWS"
394,"Java,C++,HTML,CSS,JavaScript","Spring,JavaEE,React,Angular,Vue.js","MySQL,Oracle,Microsoft SQL Server","Maven,Gradle,Kubernetes","Azure"
395,"C#,JavaScript,CSS",".NET,React,Angular,Vue.js","MySQL,Oracle","Visual Studio,MSBuild,Chocolatey","AWS"
396,"C++,C,Java,JavaScript","Spring,JavaEE,React,Angular,Vue.js","Oracle,MySQL","GCC,CMake,Cargo","Google Cloud"
397,"C,C++,JavaScript,HTML,CSS","React,Angular,Vue.js","MySQL,Oracle","GCC,CMake,Ansible","AWS"
398,"Go,JavaScript,HTML,CSS","React,Vue.js","Redis,MariaDB","Go Modules,Docker,Chocolatey","Heroku"
399,"PowerShell,Python,JavaScript,HTML","NumPy,PyTorch,Scikit-Learn","MongoDB,MySQL","Powershell,Pacman,Chocolatey","AWS"
400,"Rust,JavaScript,HTML,CSS","React,Vue.js","Elasticsearch,Redis","Cargo,LLVM's Clang,CMake","Google Cloud"
401,"Kotlin,Java,JavaScript,CSS","Spring,JavaEE,React,Angular,Vue.js","PostgreSQL,MySQL","Gradle,Maven,Kotlin","AWS"
402,"Ruby,JavaScript,HTML,CSS","Ruby on Rails,React,Angular,Vue.js","MongoDB,MySQL","RubyGems,Bundler,Homebrew","Heroku"
403,"Lua,JavaScript,HTML,CSS","React,Angular,Vue.js","MySQL,Oracle","LuaRocks,CMake,Pacman","AWS"
404,"Dart,JavaScript,HTML,CSS","Flutter,React,Angular,Vue.js","MySQL,PostgreSQL","Flutter,Visual Studio,Chocolatey","Firebase"
405,"Swift,JavaScript,HTML,CSS","React Native,Flutter,React,Angular,Vue.js","MySQL,Redis","Swift Package Manager,Xcode,CocoaPods","AWS"
406,"CSS,JavaScript,HTML","React,Angular,Vue.js","MySQL,PostgreSQL","npm,Webpack,Visual Studio","Vercel"
407,"HTML,CSS,JavaScript","React,Angular,Vue.js","MySQL,Redis","npm,Webpack,Visual Studio","Netlify"
408,"Python,JavaScript,CSS","Django,Flask,NumPy","MongoDB,MySQL","Pip,Homebrew,Composer","AWS"
409,"TypeScript,JavaScript,CSS","React,Angular,Vue.js","PostgreSQL,MySQL","Yarn,Webpack,CMake","AWS"
410,"Bash,Python,JavaScript","NumPy,PyTorch,Scikit-Learn","MongoDB,Redis","Docker,Pacman,Homebrew","Google Cloud"
410,"C#,JavaScript,HTML,CSS",".NET,React,Angular,Vue.js","Microsoft SQL Server,MySQL","Visual Studio,MSBuild,Chocolatey","Azure"
411,"C++,C,Java,JavaScript","Spring,JavaEE,React,Angular,Vue.js","Oracle,MySQL","GCC,CMake,Cargo","AWS"
412,"C,C++,JavaScript,HTML,CSS","React,Angular,Vue.js","MySQL,Oracle","GCC,CMake,Ansible","Azure"
413,"Go,JavaScript,HTML,CSS","React,Vue.js","Redis,MariaDB","Go Modules,Docker,Chocolatey","AWS"
414,"PowerShell,Python,JavaScript,HTML","NumPy,PyTorch,Scikit-Learn","MongoDB,MySQL","Powershell,Pacman,Chocolatey","AWS"
415,"Rust,JavaScript,HTML,CSS","React,Vue.js","Elasticsearch,Redis","Cargo,LLVM's Clang,CMake","Google Cloud"
416,"Kotlin,Java,JavaScript,CSS","Spring,JavaEE,React,Angular,Vue.js","PostgreSQL,MySQL","Gradle,Maven,Kotlin","Heroku"
417,"Ruby,JavaScript,HTML,CSS","Ruby on Rails,React,Angular,Vue.js","MongoDB,MySQL","RubyGems,Bundler,Homebrew","Heroku"
418,"Lua,JavaScript,HTML,CSS","React,Angular,Vue.js","MySQL,Oracle","LuaRocks,CMake,Pacman","AWS"
419,"Dart,JavaScript,HTML,CSS","Flutter,React,Angular,Vue.js","MySQL,PostgreSQL","Flutter,Visual Studio,Chocolatey","Firebase"
420,"Swift,JavaScript,HTML,CSS","React Native,Flutter,React,Angular,Vue.js","MySQL,Redis","Swift Package Manager,Xcode,CocoaPods","AWS"
421,"CSS,JavaScript,HTML","React,Angular,Vue.js","MySQL,PostgreSQL","npm,Webpack,Visual Studio","Netlify"
422,"HTML,CSS,JavaScript","React,Angular,Vue.js","MySQL,Redis","npm,Webpack,Visual Studio","Netlify"
423,"Python,JavaScript,CSS","Django,Flask,NumPy","MongoDB,MySQL","Pip,Homebrew,Composer","Heroku"
424,"TypeScript,JavaScript,CSS","React,Angular,Vue.js","PostgreSQL,MySQL","Yarn,Webpack,CMake","AWS"
425,"Bash,Python,JavaScript,CSS","NumPy,PyTorch,Scikit-Learn","MongoDB,Redis","Docker,Pacman,Homebrew","AWS"
426,"Java,C++,HTML,CSS,JavaScript","Spring,JavaEE,React,Angular,Vue.js","MySQL,Oracle,Microsoft SQL Server","Maven,Gradle,Kubernetes","Azure"
427,"C#,JavaScript,CSS",".NET,React,Angular,Vue.js","MySQL,Oracle","Visual Studio,MSBuild,Chocolatey","AWS"
428,"C++,C,Java,JavaScript","Spring,JavaEE,React,Angular,Vue.js","Oracle,MySQL","GCC,CMake,Cargo","Google Cloud"
429,"C,C++,JavaScript,HTML,CSS","React,Angular,Vue.js","MySQL,Oracle","GCC,CMake,Ansible","AWS"
430,"Go,JavaScript,HTML,CSS","React,Vue.js","Redis,MariaDB","Go Modules,Docker,Chocolatey","Heroku"
431,"PowerShell,Python,JavaScript,HTML","NumPy,PyTorch,Scikit-Learn","MongoDB,MySQL","Powershell,Pacman,Chocolatey","AWS"
432,"Rust,JavaScript,HTML,CSS","React,Vue.js","Elasticsearch,Redis","Cargo,LLVM's Clang,CMake","Google Cloud"
433,"Kotlin,Java,JavaScript,CSS","Spring,JavaEE,React,Angular,Vue.js","PostgreSQL,MySQL","Gradle,Maven,Kotlin","AWS"
434,"Ruby,JavaScript,HTML,CSS","Ruby on Rails,React,Angular,Vue.js","MongoDB,MySQL","RubyGems,Bundler,Homebrew","Heroku"
435,"Lua,JavaScript,HTML,CSS","React,Angular,Vue.js","MySQL,Oracle","LuaRocks,CMake,Pacman","AWS"
436,"Dart,JavaScript,HTML,CSS","Flutter,React,Angular,Vue.js","MySQL,PostgreSQL","Flutter,Visual Studio,Chocolatey","Firebase"
437,"Swift,JavaScript,HTML,CSS","React Native,Flutter,React,Angular,Vue.js","MySQL,Redis","Swift Package Manager,Xcode,CocoaPods","AWS"
438,"CSS,JavaScript,HTML","React,Angular,Vue.js","MySQL,PostgreSQL","npm,Webpack,Visual Studio","Vercel"
439,"HTML,CSS,JavaScript","React,Angular,Vue.js","MySQL,Redis","npm,Webpack,Visual Studio","Netlify"
440,"Python,JavaScript,CSS","Django,Flask,NumPy","MongoDB,MySQL","Pip,Homebrew,Composer","AWS"
441,"TypeScript,JavaScript,CSS","React,Angular,Vue.js","PostgreSQL,MySQL","Yarn,Webpack,CMake","AWS"
442,"Bash,Python,JavaScript","NumPy,PyTorch,Scikit-Learn","MongoDB,Redis","Docker,Pacman,Homebrew","Google Cloud"
443,"C#,JavaScript,HTML,CSS",".NET,React,Angular,Vue.js","Microsoft SQL Server,MySQL","Visual Studio,MSBuild,Chocolatey","Azure"
444,"C++,C,Java,JavaScript","Spring,JavaEE,React,Angular,Vue.js","Oracle,MySQL","GCC,CMake,Cargo","AWS"
445,"C,C++,JavaScript,HTML,CSS","React,Angular,Vue.js","MySQL,Oracle","GCC,CMake,Ansible","Azure"
446,"Go,JavaScript,HTML,CSS","React,Vue.js","Redis,MariaDB","Go Modules,Docker,Chocolatey","AWS"
447,"PowerShell,Python,JavaScript,HTML","NumPy,PyTorch,Scikit-Learn","MongoDB,MySQL","Powershell,Pacman,Chocolatey","AWS"
448,"Rust,JavaScript,HTML,CSS","React,Vue.js","Elasticsearch,Redis","Cargo,LLVM's Clang,CMake","Google Cloud"
449,"Kotlin,Java,JavaScript,CSS","Spring,JavaEE,React,Angular,Vue.js","PostgreSQL,MySQL","Gradle,Maven,Kotlin","Heroku"
450,"Ruby,JavaScript,HTML,CSS","Ruby on Rails,React,Angular,Vue.js","MongoDB,MySQL","RubyGems,Bundler,Homebrew","Heroku"
451,"Lua,JavaScript,HTML,CSS","React,Angular,Vue.js","MySQL,Oracle","LuaRocks,CMake,Pacman","AWS"
452,"Dart,JavaScript,HTML,CSS","Flutter,React,Angular,Vue.js","MySQL,PostgreSQL","Flutter,Visual Studio,Chocolatey","Firebase"
453,"Swift,JavaScript,HTML,CSS","React Native,Flutter,React,Angular,Vue.js","MySQL,Redis","Swift Package Manager,Xcode,CocoaPods","AWS"
454,"CSS,JavaScript,HTML","React,Angular,Vue.js","MySQL,PostgreSQL","npm,Webpack,Visual Studio","Netlify"
455,"HTML,CSS,JavaScript","React,Angular,Vue.js","MySQL,Redis","npm,Webpack,Visual Studio","Netlify"
456,"Python,JavaScript,CSS","Django,Flask,NumPy","MongoDB,MySQL","Pip,Homebrew,Composer","Heroku"
457,"TypeScript,JavaScript,CSS","React,Angular,Vue.js","PostgreSQL,MySQL","Yarn,Webpack,CMake","AWS"
458,"Bash,Python,JavaScript,CSS","NumPy,PyTorch,Scikit-Learn","MongoDB,Redis","Docker,Pacman,Homebrew","AWS"
459,"Java,C++,HTML,CSS,JavaScript","Spring,JavaEE,React,Angular,Vue.js","MySQL,Oracle,Microsoft SQL Server","Maven,Gradle,Kubernetes","Azure"
460,"C#,JavaScript,CSS",".NET,React,Angular,Vue.js","MySQL,Oracle","Visual Studio,MSBuild,Chocolatey","AWS"
461,"C++,C,Java,JavaScript","Spring,JavaEE,React,Angular,Vue.js","Oracle,MySQL","GCC,CMake,Cargo","Google Cloud"
462,"C,C++,JavaScript,HTML,CSS","React,Angular,Vue.js","MySQL,Oracle","GCC,CMake,Ansible","AWS"
463,"Go,JavaScript,HTML,CSS","React,Vue.js","Redis,MariaDB","Go Modules,Docker,Chocolatey","Heroku"
464,"PowerShell,Python,JavaScript,HTML","NumPy,PyTorch,Scikit-Learn","MongoDB,MySQL","Powershell,Pacman,Chocolatey","AWS"
465,"Rust,JavaScript,HTML,CSS","React,Vue.js","Elasticsearch,Redis","Cargo,LLVM's Clang,CMake","Google Cloud"
466,"Kotlin,Java,JavaScript,CSS","Spring,JavaEE,React,Angular,Vue.js","PostgreSQL,MySQL","Gradle,Maven,Kotlin","AWS"
467,"Ruby,JavaScript,HTML,CSS","Ruby on Rails,React,Angular,Vue.js","MongoDB,MySQL","RubyGems,Bundler,Homebrew","Heroku"
468,"Lua,JavaScript,HTML,CSS","React,Angular,Vue.js","MySQL,Oracle","LuaRocks,CMake,Pacman","AWS"
469,"Dart,JavaScript,HTML,CSS","Flutter,React,Angular,Vue.js","MySQL,PostgreSQL","Flutter,Visual Studio,Chocolatey","Firebase"
470,"Swift,JavaScript,HTML,CSS","React Native,Flutter,React,Angular,Vue.js","MySQL,Redis","Swift Package Manager,Xcode,CocoaPods","AWS"
471,"CSS,JavaScript,HTML","React,Angular,Vue.js","MySQL,PostgreSQL","npm,Webpack,Visual Studio","Vercel"
472,"HTML,CSS,JavaScript","React,Angular,Vue.js","MySQL,Redis","npm,Webpack,Visual Studio","Netlify"
473,"Python,JavaScript,CSS","Django,Flask,NumPy","MongoDB,MySQL","Pip,Homebrew,Composer","AWS"
474,"TypeScript,JavaScript,CSS","React,Angular,Vue.js","PostgreSQL,MySQL","Yarn,Webpack,CMake","AWS"
475,"Bash,Python,JavaScript","NumPy,PyTorch,Scikit-Learn","MongoDB,Redis","Docker,Pacman,Homebrew","Google Cloud"
476,"C#,JavaScript,HTML,CSS",".NET,React,Angular,Vue.js","Microsoft SQL Server,MySQL","Visual Studio,MSBuild,Chocolatey","Azure"
477,"C++,C,Java,JavaScript","Spring,JavaEE,React,Angular,Vue.js","Oracle,MySQL","GCC,CMake,Cargo","AWS"
478,"C,C++,JavaScript,HTML,CSS","React,Angular,Vue.js","MySQL,Oracle","GCC,CMake,Ansible","Azure"
479,"Go,JavaScript,HTML,CSS","React,Vue.js","Redis,MariaDB","Go Modules,Docker,Chocolatey","AWS"
480,"PowerShell,Python,JavaScript,HTML","NumPy,PyTorch,Scikit-Learn","MongoDB,MySQL","Powershell,Pacman,Chocolatey","AWS"
481,"Rust,JavaScript,HTML,CSS","React,Vue.js","Elasticsearch,Redis","Cargo,LLVM's Clang,CMake","Google Cloud"
482,"Kotlin,Java,JavaScript,CSS","Spring,JavaEE,React,Angular,Vue.js","PostgreSQL,MySQL","Gradle,Maven,Kotlin","Heroku"
483,"Ruby,JavaScript,HTML,CSS","Ruby on Rails,React,Angular,Vue.js","MongoDB,MySQL","RubyGems,Bundler,Homebrew","Heroku"
484,"Lua,JavaScript,HTML,CSS","React,Angular,Vue.js","MySQL,Oracle","LuaRocks,CMake,Pacman","AWS"
485,"Dart,JavaScript,HTML,CSS","Flutter,React,Angular,Vue.js","MySQL,PostgreSQL","Flutter,Visual Studio,Chocolatey","Firebase"
486,"Swift,JavaScript,HTML,CSS","React Native,Flutter,React,Angular,Vue.js","MySQL,Redis","Swift Package Manager,Xcode,CocoaPods","AWS"
487,"CSS,JavaScript,HTML","React,Angular,Vue.js","MySQL,PostgreSQL","npm,Webpack,Visual Studio","Netlify"
488,"HTML,CSS,JavaScript","React,Angular,Vue.js","MySQL,Redis","npm,Webpack,Visual Studio","Netlify"
489,"Python,JavaScript,CSS","Django,Flask,NumPy","MongoDB,MySQL","Pip,Homebrew,Composer","Heroku"
490,"TypeScript,JavaScript,CSS","React,Angular,Vue.js","PostgreSQL,MySQL","Yarn,Webpack,CMake","AWS"
491,"Bash,Python,JavaScript,CSS","NumPy,PyTorch,Scikit-Learn","MongoDB,Redis","Docker,Pacman,Homebrew","AWS"
492,"Java,C++,HTML,CSS,JavaScript","Spring,JavaEE,React,Angular,Vue.js","MySQL,Oracle,Microsoft SQL Server","Maven,Gradle,Kubernetes","Azure"
493,"C#,JavaScript,CSS",".NET,React,Angular,Vue.js","MySQL,Oracle","Visual Studio,MSBuild,Chocolatey","AWS"
494,"C++,C,Java,JavaScript","Spring,JavaEE,React,Angular,Vue.js","Oracle,MySQL","GCC,CMake,Cargo","Google Cloud"
495,"C,C++,JavaScript,HTML,CSS","React,Angular,Vue.js","MySQL,Oracle","GCC,CMake,Ansible","AWS"
496,"Go,JavaScript,HTML,CSS","React,Vue.js","Redis,MariaDB","Go Modules,Docker,Chocolatey","Heroku"
497,"PowerShell,Python,JavaScript,HTML","NumPy,PyTorch,Scikit-Learn","MongoDB,MySQL","Powershell,Pacman,Chocolatey","AWS"
498,"Rust,JavaScript,HTML,CSS","React,Vue.js","Elasticsearch,Redis","Cargo,LLVM's Clang,CMake","Google Cloud"
499,"Kotlin,Java,JavaScript,CSS","Spring,JavaEE,React,Angular,Vue.js","PostgreSQL,MySQL","Gradle,Maven,Kotlin","AWS"
500,"Ruby,JavaScript,HTML,CSS","Ruby on Rails,React,Angular,Vue.js","MongoDB,MySQL","RubyGems,Bundler,Homebrew","Heroku"
501,"Lua,JavaScript,HTML,CSS","React,Angular,Vue.js","MySQL,Oracle","LuaRocks,CMake,Pacman","AWS"
502,"Dart,JavaScript,HTML,CSS","Flutter,React,Angular,Vue.js","MySQL,PostgreSQL","Flutter,Visual Studio,Chocolatey","Firebase"
503,"Swift,JavaScript,HTML,CSS","React Native,Flutter,React,Angular,Vue.js","MySQL,Redis","Swift Package Manager,Xcode,CocoaPods","AWS"
504,"CSS,JavaScript,HTML","React,Angular,Vue.js","MySQL,PostgreSQL","npm,Webpack,Visual Studio","Vercel"
505,"HTML,CSS,JavaScript","React,Angular,Vue.js","MySQL,Redis","npm,Webpack,Visual Studio","Netlify"
506,"Python,JavaScript,CSS","Django,Flask,NumPy","MongoDB,MySQL","Pip,Homebrew,Composer","AWS"
507,"TypeScript,JavaScript,CSS","React,Angular,Vue.js","PostgreSQL,MySQL","Yarn,Webpack,CMake","AWS"
508,"Bash,Python,JavaScript","NumPy,PyTorch,Scikit-Learn","MongoDB,Redis","Docker,Pacman,Homebrew","Google Cloud"